{
  "cam_K": {
    "rows": 3,
    "cols": 3,
    "data": [
      [1266.417203046554,0.0,816.2670197447984],
      [0.000000000000e+00,1266.417203046554,491.50706579294757],
      [0.000000000000e+00,0.000000000000e+00,1.000000000000e+00]
    ]
  },
  "cam_dist": {
    "cols": 5,
    "data": [0,0,0,0,0]
  },
  "T_lidar_to_cam":{
    "rows": 4,
    "cols": 4,
    "data": [
      [1,0,0,0],
      [0,1,0,0],
      [0,0,1,0],
      [0,0,0,1]
    ]
  },
  "T_lidar_to_cam_gt":{
    "available": true,
    "rows": 4,
    "cols": 4,
    "data": [
      [1,0,0,0],
      [0,1,0,0],
      [0,0,1,0],
      [0,0,0,1]
    ]
  },
  "img_folder": "images",
  "mask_folder": "processed_masks",
  "pc_folder": "pc",
  "img_format": ".jpg",
  "pc_format": ".pcd",
  "file_name": [
    "000000",
    "000001",
    "000002",
    "000003",
    "000004"
  ],
  "params": {
    "min_plane_point_num": 1500,
    "cluster_tolerance": 0.5,
    "search_num": 4000,
    "search_range": {
      "rot_deg": 5,
      "trans_m": 0.5
    },
    "point_range":{
      "top": 0.4,
      "bottom": 1.0
    },
    "down_sample":{
      "is_valid": true,
      "voxel_m": 0.05
    },
    "thread": {
      "is_multi_thread": true,
      "num_thread": 4
    }
  }
}
