{
  "cam_K": {
    "rows": 3,
    "cols": 4,
    "data": [
      [
        7.188560000000e+02,
        0.000000000000e+00,
        6.071928000000e+02,
        4.538225000000e+01
      ],
      [
        0.000000000000e+00,
        7.188560000000e+02,
        1.852157000000e+02,
        -1.130887000000e-01
      ],
      [
        0.000000000000e+00,
        0.000000000000e+00,
        1.000000000000e+00,
        3.779761000000e-03
      ]
    ]
  },
  "cam_dist": {
    "cols": 5,
    "data": [
      0,
      0,
      0,
      0,
      0
    ]
  },
  "T_lidar_to_cam": {
    "rows": 4,
    "cols": 4,
    "data": [
      [
        0,
        -1,
        0,
        0
      ],
      [
        0,
        0,
        -1,
        0
      ],
      [
        1,
        0,
        0,
        0
      ],
      [
        0,
        0,
        0,
        1
      ]
    ]
  },
  "T_lidar_to_cam_gt": {
    "available": true,
    "rows": 4,
    "cols": 4,
    "data": [
      [
        4.276802385584e-04,
        -9.999672484946e-01,
        -8.084491683471e-03,
        -1.198459927713e-02
      ],
      [
        -7.210626507497e-03,
        8.081198471645e-03,
        -9.999413164504e-01,
        -5.403984729748e-02
      ],
      [
        9.999738645903e-01,
        4.859485810390e-04,
        -7.206933692422e-03,
        -2.921968648686e-01
      ],
      [
        0,
        0,
        0,
        1
      ]
    ]
  },
  "img_folder": "images",
  "mask_folder": "processed_masks",
  "pc_folder": "pc",
  "img_format": ".png",
  "pc_format": ".pcd",
  "file_name": [
    "000000",
    "000001",
    "000002",
    "000003",
    "000004"
  ],
  "params": {
    "min_plane_point_num": 2000,
    "cluster_tolerance": 0.25,
    "search_num": 4000,
    "search_range": {
      "rot_deg": 0.5,
      "trans_m": 0.3
    },
    "point_range": {
      "top": 0.4,
      "bottom": 1.0
    },
    "down_sample": {
      "is_valid": true,
      "voxel_m": 0.05
    },
    "thread": {
      "is_multi_thread": true,
      "num_thread": 4
    }
  }
}