{
  "cam_K": {
    "rows": 3,
    "cols": 3,
    "data": [
      [
        1070.2,
        0.0,
        961.67
      ],
      [
        0.000000000000e+00,
        1070.54,
        524.831
      ],
      [
        0.000000000000e+00,
        0.000000000000e+00,
        1.000000000000e+00
      ]
    ]
  },
  "cam_dist": {
    "cols": 5,
    "data": [
      -0.0543886,
      0.0273687,
      0.000475665,
      0.000130742,
      -0.0107975
    ]
  },
  "T_lidar_to_cam": {
    "rows": 4,
    "cols": 4,
    "data": [
      [
        0,
        -1,
        0,
        0
      ],
      [
        0,
        0,
        -1,
        0
      ],
      [
        1,
        0,
        0,
        0
      ],
      [
        0,
        0,
        0,
        1
      ]
    ]
  },
  "T_lidar_to_cam_gt": {
    "available": false,
    "rows": 4,
    "cols": 4,
    "data": [
      [
        0,
        1,
        0,
        0
      ],
      [
        0,
        0,
        1,
        0
      ],
      [
        1,
        0,
        0,
        0
      ],
      [
        0,
        0,
        0,
        1
      ]
    ]
  },
  "img_folder": "images",
  "mask_folder": "processed_masks",
  "pc_folder": "pc",
  "img_format": ".jpeg",
  "pc_format": ".pcd",
  "file_name": [
    "000000",
    "000001",
    "000002",
    "000003"
  ],
  "params": {
    "min_plane_point_num": 2000,
    "cluster_tolerance": 0.07,
    "search_num": 5000,
    "search_range": {
      "rot_deg": 0.3,
      "trans_m": 0.03
    },
    "point_range": {
      "top": 0.0,
      "bottom": 1.0
    },
    "down_sample": {
      "is_valid": false,
      "voxel_m": 0.02
    },
    "thread": {
      "is_multi_thread": true,
      "num_thread": 4
    }
  }
}